{"cameraMode":{"drawMode":0,"name":"Shaded","section":"Shading Mode"},"sceneLighting":true,"audioPlay":false,"sceneViewState":{"showFog":true,"showMaterialUpdate":false,"showSkybox":true,"showFlares":true,"showImageEffects":true,"showParticleSystems":true},"in2DMode":false,"pivot":{"x":-1.1146602630615235,"y":5.2104268074035648,"z":1.517037034034729},"rotation":{"x":-0.08112377673387528,"y":0.8646313548088074,"z":-0.14825057983398438,"w":-0.4731350541114807},"size":5.375182151794434,"orthographic":false}