{"cameraMode":{"drawMode":0,"name":"Shaded","section":"Shading Mode"},"sceneLighting":true,"audioPlay":false,"sceneViewState":{"showFog":true,"showMaterialUpdate":false,"showSkybox":true,"showFlares":true,"showImageEffects":true,"showParticleSystems":true},"in2DMode":false,"pivot":{"x":-1.5032081604003907,"y":1.4093273878097535,"z":1.9834816455841065},"rotation":{"x":-0.039447493851184848,"y":0.7680560350418091,"z":-0.04753386601805687,"w":-0.637397050857544},"size":2.1999967098236086,"orthographic":false}