{"cameraMode":{"drawMode":0,"name":"Shaded","section":"Shading Mode"},"sceneLighting":true,"audioPlay":false,"sceneViewState":{"showFog":true,"showMaterialUpdate":false,"showSkybox":true,"showFlares":true,"showImageEffects":true,"showParticleSystems":true},"in2DMode":false,"pivot":{"x":-0.40518927574157717,"y":1.8699474334716797,"z":-0.23723244667053224},"rotation":{"x":-0.003678370965644717,"y":0.9185896515846252,"z":-0.0085520064458251,"w":-0.39510345458984377},"size":2.1999967098236086,"orthographic":false}